Name, Affiliation, Country
Name Surname, Affiliated Institution, Country
Name Surname, Affiliated Institution, Country
Name Surname, Affiliated Institution, Country
Name Surname, Affiliated Institution, Country
Name Surname, Affiliated Institution, Country
Name Surname, Affiliated Institution, Country
Name Surname, Affiliated Institution, Country
Name Surname, Affiliated Institution, Country
Name Surname, Affiliated Institution, Country
Name Surname, Affiliated Institution, Country
Name Surname, Affiliated Institution, Country
Name Surname, Affiliated Institution, Country
Name Surname, Affiliated Institution, Country
Name Surname, Affiliated Institution, Country
Name Surname, Affiliated Institution, Country
Name Surname, Affiliated Institution, Country
Name Surname, Affiliated Institution, Country
Name Surname, Affiliated Institution, Country
Name Surname, Affiliated Institution, Country
Name Surname, Affiliated Institution, Country